{"width":569,"imagePath":"Dragon_3_tex.png","height":1021,"name":"Dragon_3","SubTexture":[{"frameHeight":210,"y":234,"frameX":0,"width":111,"frameY":0,"height":209,"name":"parts/tailTip","frameWidth":112,"x":456},{"width":112,"y":234,"height":86,"name":"parts/armUpperL","x":340},{"width":48,"y":859,"height":80,"name":"parts/armL","x":373},{"width":96,"y":922,"height":78,"name":"parts/handL","x":1},{"frameHeight":180,"y":677,"frameX":0,"width":203,"frameY":0,"height":180,"name":"parts/legL","frameWidth":204,"x":238},{"frameHeight":348,"y":397,"frameX":0,"width":235,"frameY":0,"height":347,"name":"parts/body","frameWidth":236,"x":1},{"width":216,"y":397,"height":278,"name":"parts/tail","x":238},{"width":208,"y":746,"height":174,"name":"parts/clothes1","x":1},{"width":124,"y":677,"height":282,"name":"parts/hair","x":443},{"frameHeight":394,"y":1,"frameX":0,"width":337,"frameY":0,"height":394,"name":"parts/head","frameWidth":338,"x":1},{"width":28,"y":961,"height":46,"name":"parts/eyeL","x":459},{"frameHeight":58,"y":961,"frameX":0,"width":37,"frameY":0,"height":58,"name":"parts/eyeR","frameWidth":38,"x":420},{"frameHeight":232,"y":1,"frameX":0,"width":180,"frameY":0,"height":231,"name":"parts/legR","frameWidth":180,"x":340},{"width":160,"y":859,"height":94,"name":"parts/armUpperR","x":211},{"frameHeight":78,"y":941,"frameX":0,"width":45,"frameY":0,"height":77,"name":"parts/armR","frameWidth":46,"x":373},{"width":98,"y":322,"height":58,"name":"parts/handR","x":340},{"frameHeight":36,"y":955,"frameX":0,"width":119,"frameY":0,"height":36,"name":"parts/beardL","frameWidth":120,"x":237},{"width":136,"y":955,"height":36,"name":"parts/beardR","x":99}]}