{"frameRate":24,"isGlobal":0,"armature":[{"ik":[],"bone":[{"name":"root","transform":{}},{"length":150,"transform":{"y":50.5419,"skX":-94.9653,"skY":-94.9653,"x":26.0941},"parent":"root","name":"body"},{"length":120,"transform":{"y":46.9,"skX":-156.0107,"skY":-156.0107,"x":-95.6182},"parent":"body","name":"legR"},{"length":150,"transform":{"y":31.3927,"skX":159.9921,"skY":159.9921,"x":80.5853},"parent":"body","name":"armUpperR"},{"length":150,"transform":{"y":-60.2758,"skX":-154.3312,"skY":-154.3312,"x":-71.0496},"parent":"body","name":"legL"},{"length":150,"transform":{"y":-5.8037,"skX":11.4957,"skY":11.4957,"x":163.1145},"parent":"body","name":"head"},{"length":70,"transform":{"y":-93.6047,"skX":-171.7742,"skY":-171.7742,"x":74.4813},"parent":"body","name":"armUpperL"},{"length":250,"transform":{"y":70.127,"skX":79.7425,"skY":79.7425,"x":-117.1092},"parent":"body","name":"tail"},{"length":80,"transform":{"y":-31.7416,"skX":-37.5342,"skY":-37.5342,"x":1.423},"parent":"body","name":"clothes"},{"length":60,"transform":{"y":2.2256,"skX":30.7088,"skY":30.7088,"x":66.7632},"parent":"armUpperL","name":"armL"},{"transform":{"y":-23.9957,"skX":80.4531,"skY":80.4531,"x":140.2628},"name":"eyeR","parent":"head"},{"length":150,"transform":{"y":-3.1008,"skX":-37.5192,"skY":-37.5192,"x":257.8621},"parent":"tail","name":"tailTip"},{"transform":{"y":-101.188,"skX":80.4531,"skY":80.4531,"x":133.7701},"name":"eyeL","parent":"head"},{"length":80,"transform":{"y":-133.6248,"skX":-105.5036,"skY":-105.5036,"x":7.4588},"parent":"head","name":"beardL"},{"length":50,"transform":{"y":0.5285,"skX":35.2088,"skY":35.2088,"x":138.7492},"parent":"armUpperR","name":"armR"},{"length":80,"transform":{"y":-35.857,"skX":80.4531,"skY":80.4531,"x":23.2753},"parent":"head","name":"beardR"},{"length":50,"transform":{"y":80.6309,"skX":86.9099,"skY":86.9099,"x":104.8249},"parent":"head","name":"hair"},{"length":40,"transform":{"y":1.1079,"skX":17.875,"skY":17.875,"x":43.3874},"parent":"armR","name":"handR"},{"length":80,"transform":{"y":-0.4273,"skX":4.4133,"skY":4.4133,"x":66.6309},"parent":"armL","name":"handL"}],"type":"Armature","name":"Dragon","animation":[{"playTimes":0,"frame":[],"slot":[{"colorFrame":[{"tweenEasing":0,"duration":30},{"duration":0}],"displayFrame":[{"duration":30},{"duration":0}],"name":"armUpperL"},{"colorFrame":[{"tweenEasing":0,"duration":30},{"duration":0}],"displayFrame":[{"duration":30},{"duration":0}],"name":"handL"},{"colorFrame":[{"tweenEasing":0,"duration":30},{"duration":0}],"displayFrame":[{"duration":30},{"duration":0}],"name":"legL"},{"colorFrame":[{"tweenEasing":0,"duration":8},{"tweenEasing":0,"duration":12},{"tweenEasing":0,"duration":8},{"duration":2},{"duration":0}],"displayFrame":[{"duration":8},{"duration":12},{"duration":8},{"duration":2},{"duration":0}],"name":"body"},{"colorFrame":[{"tweenEasing":0,"duration":12},{"tweenEasing":0,"duration":17},{"duration":1},{"duration":0}],"displayFrame":[{"duration":12},{"duration":17},{"duration":1},{"duration":0}],"name":"clothes"},{"colorFrame":[{"tweenEasing":0,"duration":12},{"tweenEasing":0,"duration":8},{"tweenEasing":0,"duration":8},{"duration":2},{"duration":0}],"displayFrame":[{"duration":12},{"duration":8},{"duration":8},{"duration":2},{"duration":0}],"name":"hair"},{"colorFrame":[{"tweenEasing":0,"duration":30},{"duration":0}],"displayFrame":[{"duration":30},{"duration":0}],"name":"head"},{"colorFrame":[{"tweenEasing":0,"duration":8},{"tweenEasing":0,"duration":12},{"tweenEasing":0,"duration":8},{"duration":2},{"duration":0}],"displayFrame":[{"duration":8},{"duration":12},{"duration":8},{"duration":2},{"duration":0}],"name":"eyeL"},{"colorFrame":[{"tweenEasing":0,"duration":30},{"duration":0}],"displayFrame":[{"duration":30},{"duration":0}],"name":"legR"},{"colorFrame":[{"tweenEasing":0,"duration":30},{"duration":0}],"displayFrame":[{"duration":30},{"duration":0}],"name":"armUpperR"},{"colorFrame":[{"tweenEasing":0,"duration":30},{"duration":0}],"displayFrame":[{"duration":30},{"duration":0}],"name":"armR"},{"colorFrame":[{"tweenEasing":0,"duration":30},{"duration":0}],"displayFrame":[{"duration":30},{"duration":0}],"name":"handR"},{"colorFrame":[{"tweenEasing":0,"duration":7},{"tweenEasing":0,"duration":8},{"tweenEasing":0,"duration":12},{"tweenEasing":0,"duration":1},{"duration":2},{"duration":0}],"displayFrame":[{"duration":7},{"duration":8},{"duration":12},{"duration":1},{"duration":2},{"duration":0}],"name":"beardL"},{"colorFrame":[{"tweenEasing":0,"duration":7},{"tweenEasing":0,"duration":8},{"tweenEasing":0,"duration":12},{"tweenEasing":0,"duration":1},{"duration":2},{"duration":0}],"displayFrame":[{"duration":7},{"duration":8},{"duration":12},{"duration":1},{"duration":2},{"duration":0}],"name":"beardR"},{"colorFrame":[],"displayFrame":[],"name":"tailTip"},{"colorFrame":[],"displayFrame":[],"name":"armL"},{"colorFrame":[],"displayFrame":[],"name":"tail"},{"colorFrame":[],"displayFrame":[],"name":"eyeR"}],"ffd":[],"ik":[],"bone":[{"rotateFrame":[{"duration":30}],"scaleFrame":[{"duration":30}],"name":"root","translateFrame":[{"duration":30}]},{"rotateFrame":[{"tweenEasing":0,"duration":30},{"duration":0}],"scaleFrame":[{"tweenEasing":0,"duration":30},{"duration":0}],"name":"body","translateFrame":[{"tweenEasing":0,"duration":30},{"duration":0}]},{"rotateFrame":[{"tweenEasing":0,"duration":30},{"duration":0}],"scaleFrame":[{"tweenEasing":0,"duration":30},{"duration":0}],"name":"legR","translateFrame":[{"tweenEasing":0,"duration":30},{"duration":0}]},{"rotateFrame":[{"tweenEasing":0,"duration":30},{"duration":0}],"scaleFrame":[{"tweenEasing":0,"duration":30},{"duration":0}],"name":"armUpperR","translateFrame":[{"tweenEasing":0,"duration":30},{"duration":0}]},{"rotateFrame":[{"tweenEasing":0,"duration":30},{"duration":0}],"scaleFrame":[{"tweenEasing":0,"duration":30},{"duration":0}],"name":"legL","translateFrame":[{"tweenEasing":0,"duration":30},{"duration":0}]},{"rotateFrame":[{"tweenEasing":0,"duration":30},{"duration":0}],"scaleFrame":[{"tweenEasing":0,"duration":30},{"duration":0}],"name":"head","translateFrame":[{"tweenEasing":0,"duration":30},{"duration":0}]},{"rotateFrame":[{"tweenEasing":0,"duration":30},{"duration":0}],"scaleFrame":[{"tweenEasing":0,"duration":30},{"duration":0}],"name":"armUpperL","translateFrame":[{"tweenEasing":0,"duration":30},{"duration":0}]},{"rotateFrame":[{"tweenEasing":0,"duration":8},{"tweenEasing":0,"duration":22,"rotate":4.95},{"duration":0}],"scaleFrame":[{"tweenEasing":0,"duration":8},{"tweenEasing":0,"duration":22},{"duration":0}],"name":"tail","translateFrame":[{"tweenEasing":0,"duration":8},{"tweenEasing":0,"duration":22,"x":-4},{"duration":0}]},{"rotateFrame":[{"tweenEasing":0,"duration":12},{"tweenEasing":0,"duration":18},{"duration":0}],"scaleFrame":[{"tweenEasing":0,"duration":12},{"tweenEasing":0,"duration":18},{"duration":0}],"name":"clothes","translateFrame":[{"tweenEasing":0,"duration":12},{"y":-2,"tweenEasing":0,"duration":18,"x":-2},{"duration":0}]},{"rotateFrame":[{"tweenEasing":0,"duration":30},{"duration":0}],"scaleFrame":[{"tweenEasing":0,"duration":30},{"duration":0}],"name":"armL","translateFrame":[{"tweenEasing":0,"duration":30},{"duration":0}]},{"rotateFrame":[{"tweenEasing":0,"duration":8},{"tweenEasing":0,"duration":22},{"duration":0}],"scaleFrame":[{"tweenEasing":0,"duration":8},{"tweenEasing":0,"duration":22},{"duration":0}],"name":"eyeR","translateFrame":[{"tweenEasing":0,"duration":8},{"y":-2,"tweenEasing":0,"duration":22},{"duration":0}]},{"rotateFrame":[{"tweenEasing":0,"duration":8},{"tweenEasing":0,"duration":22,"rotate":-12.64},{"duration":0}],"scaleFrame":[{"tweenEasing":0,"duration":8},{"tweenEasing":0,"duration":22},{"duration":0}],"name":"tailTip","translateFrame":[{"tweenEasing":0,"duration":8},{"y":-8.0574,"tweenEasing":0,"duration":22,"x":5.1348},{"duration":0}]},{"rotateFrame":[{"tweenEasing":0,"duration":8},{"tweenEasing":0,"duration":22},{"duration":0}],"scaleFrame":[{"tweenEasing":0,"duration":8},{"tweenEasing":0,"duration":22},{"duration":0}],"name":"eyeL","translateFrame":[{"tweenEasing":0,"duration":8},{"y":-2,"tweenEasing":0,"duration":22},{"duration":0}]},{"rotateFrame":[{"tweenEasing":0,"duration":15,"rotate":9.6205},{"tweenEasing":0,"duration":15,"rotate":-1.4848},{"duration":0,"rotate":9.6205}],"scaleFrame":[{"tweenEasing":0,"duration":15},{"tweenEasing":0,"duration":15},{"duration":0}],"name":"beardL","translateFrame":[{"tweenEasing":0,"duration":15},{"tweenEasing":0,"duration":15},{"duration":0}]},{"rotateFrame":[{"tweenEasing":0,"duration":30},{"duration":0}],"scaleFrame":[{"tweenEasing":0,"duration":30},{"duration":0}],"name":"armR","translateFrame":[{"tweenEasing":0,"duration":30},{"duration":0}]},{"rotateFrame":[{"tweenEasing":0,"duration":15},{"tweenEasing":0,"duration":15,"rotate":5.44},{"duration":0}],"scaleFrame":[{"tweenEasing":0,"duration":15},{"tweenEasing":0,"duration":15},{"duration":0}],"name":"beardR","translateFrame":[{"tweenEasing":0,"duration":15},{"tweenEasing":0,"duration":15},{"duration":0}]},{"rotateFrame":[{"tweenEasing":0,"duration":12},{"tweenEasing":0,"duration":18},{"duration":0}],"scaleFrame":[{"tweenEasing":0,"duration":12},{"tweenEasing":0,"duration":18},{"duration":0}],"name":"hair","translateFrame":[{"tweenEasing":0,"duration":12},{"y":-4,"tweenEasing":0,"duration":18,"x":2},{"duration":0}]},{"rotateFrame":[{"tweenEasing":0,"duration":30},{"duration":0}],"scaleFrame":[{"tweenEasing":0,"duration":30},{"duration":0}],"name":"handR","translateFrame":[{"tweenEasing":0,"duration":30},{"duration":0}]},{"rotateFrame":[{"tweenEasing":0,"duration":30},{"duration":0}],"scaleFrame":[{"tweenEasing":0,"duration":30},{"duration":0}],"name":"handL","translateFrame":[{"tweenEasing":0,"duration":30},{"duration":0}]}],"name":"stand","duration":30},{"playTimes":0,"frame":[],"slot":[{"colorFrame":[{"tweenEasing":0,"duration":10},{"tweenEasing":0,"duration":10},{"duration":0}],"displayFrame":[{"duration":10},{"duration":10},{"duration":0}],"name":"tailTip"},{"colorFrame":[{"tweenEasing":0,"duration":10},{"tweenEasing":0,"duration":10},{"duration":0}],"displayFrame":[{"duration":10},{"duration":10},{"duration":0}],"name":"armUpperL"},{"colorFrame":[{"tweenEasing":0,"duration":10},{"tweenEasing":0,"duration":10},{"duration":0}],"displayFrame":[{"duration":10},{"duration":10},{"duration":0}],"name":"armL"},{"colorFrame":[{"tweenEasing":0,"duration":10},{"tweenEasing":0,"duration":10},{"duration":0}],"displayFrame":[{"duration":10},{"duration":10},{"duration":0}],"name":"handL"},{"colorFrame":[{"tweenEasing":0,"duration":10},{"tweenEasing":0,"duration":10},{"duration":0}],"displayFrame":[{"duration":10},{"duration":10},{"duration":0}],"name":"legL"},{"colorFrame":[{"tweenEasing":0,"duration":10},{"tweenEasing":0,"duration":10},{"duration":0}],"displayFrame":[{"duration":10},{"duration":10},{"duration":0}],"name":"body"},{"colorFrame":[{"tweenEasing":0,"duration":10},{"tweenEasing":0,"duration":10},{"duration":0}],"displayFrame":[{"duration":10},{"duration":10},{"duration":0}],"name":"tail"},{"colorFrame":[{"tweenEasing":0,"duration":5},{"tweenEasing":0,"duration":5},{"tweenEasing":0,"duration":5},{"tweenEasing":0,"duration":5},{"duration":0}],"displayFrame":[{"duration":5},{"duration":5},{"duration":5},{"duration":5},{"duration":0}],"name":"clothes"},{"colorFrame":[{"tweenEasing":0,"duration":10},{"tweenEasing":0,"duration":10},{"duration":0}],"displayFrame":[{"duration":10},{"duration":10},{"duration":0}],"name":"hair"},{"colorFrame":[{"tweenEasing":0,"duration":10},{"tweenEasing":0,"duration":10},{"duration":0}],"displayFrame":[{"duration":10},{"duration":10},{"duration":0}],"name":"head"},{"colorFrame":[{"tweenEasing":0,"duration":10},{"tweenEasing":0,"duration":10},{"duration":0}],"displayFrame":[{"duration":10},{"duration":10},{"duration":0}],"name":"eyeL"},{"colorFrame":[{"tweenEasing":0,"duration":10},{"tweenEasing":0,"duration":10},{"duration":0}],"displayFrame":[{"duration":10},{"duration":10},{"duration":0}],"name":"eyeR"},{"colorFrame":[{"tweenEasing":0,"duration":10},{"tweenEasing":0,"duration":10},{"duration":0}],"displayFrame":[{"duration":10},{"duration":10},{"duration":0}],"name":"legR"},{"colorFrame":[{"tweenEasing":0,"duration":10},{"tweenEasing":0,"duration":10},{"duration":0}],"displayFrame":[{"duration":10},{"duration":10},{"duration":0}],"name":"armUpperR"},{"colorFrame":[{"tweenEasing":0,"duration":10},{"tweenEasing":0,"duration":10},{"duration":0}],"displayFrame":[{"duration":10},{"duration":10},{"duration":0}],"name":"armR"},{"colorFrame":[{"tweenEasing":0,"duration":10},{"tweenEasing":0,"duration":10},{"duration":0}],"displayFrame":[{"duration":10},{"duration":10},{"duration":0}],"name":"handR"},{"colorFrame":[{"tweenEasing":0,"duration":10},{"tweenEasing":0,"duration":10},{"duration":0}],"displayFrame":[{"duration":10},{"duration":10},{"duration":0}],"name":"beardL"},{"colorFrame":[{"tweenEasing":0,"duration":10},{"tweenEasing":0,"duration":10},{"duration":0}],"displayFrame":[{"duration":10},{"duration":10},{"duration":0}],"name":"beardR"}],"ffd":[],"ik":[],"bone":[{"rotateFrame":[{"duration":20},{"duration":0}],"scaleFrame":[{"duration":20},{"duration":0}],"name":"root","translateFrame":[{"duration":20},{"duration":0}]},{"rotateFrame":[{"tweenEasing":0,"duration":10},{"tweenEasing":0,"duration":10},{"duration":0}],"scaleFrame":[{"tweenEasing":0,"duration":10},{"tweenEasing":0,"duration":10},{"duration":0}],"name":"body","translateFrame":[{"y":-4,"tweenEasing":0,"duration":10},{"y":-2,"tweenEasing":0,"duration":10},{"y":-4,"duration":0}]},{"rotateFrame":[{"tweenEasing":0,"duration":10,"rotate":-30},{"tweenEasing":0,"duration":10,"rotate":30},{"duration":0,"rotate":-30}],"scaleFrame":[{"tweenEasing":0,"duration":10},{"tweenEasing":0,"duration":10},{"duration":0}],"name":"legR","translateFrame":[{"y":-14,"tweenEasing":0,"duration":10,"x":-6},{"y":-2,"tweenEasing":0,"duration":10,"x":-3.9},{"y":-14,"duration":0,"x":-6}]},{"rotateFrame":[{"tweenEasing":0,"duration":10,"rotate":45.5},{"tweenEasing":0,"duration":10,"rotate":-22.15},{"duration":0,"rotate":45.5}],"scaleFrame":[{"tweenEasing":0,"duration":10},{"tweenEasing":0,"duration":10},{"duration":0}],"name":"armUpperR","translateFrame":[{"y":14,"tweenEasing":0,"duration":10,"x":-6},{"y":2,"tweenEasing":0,"duration":10},{"y":14,"duration":0,"x":-6}]},{"rotateFrame":[{"tweenEasing":0,"duration":10,"rotate":49.67},{"tweenEasing":0,"duration":10,"rotate":-19.23},{"duration":0,"rotate":49.67}],"scaleFrame":[{"tweenEasing":0,"duration":10},{"tweenEasing":0,"duration":10},{"duration":0}],"name":"legL","translateFrame":[{"y":28.4011,"tweenEasing":0,"duration":10,"x":-40.3442},{"y":-8.9278,"tweenEasing":0,"duration":10,"x":-22.5206},{"y":28.4011,"duration":0,"x":-40.3442}]},{"rotateFrame":[{"tweenEasing":0,"duration":10},{"tweenEasing":0,"duration":10,"rotate":2.95},{"duration":0}],"scaleFrame":[{"tweenEasing":0,"duration":10},{"tweenEasing":0,"duration":10},{"duration":0}],"name":"head","translateFrame":[{"y":4,"tweenEasing":0,"duration":10},{"y":2,"tweenEasing":0,"duration":10},{"y":4,"duration":0}]},{"rotateFrame":[{"tweenEasing":0,"duration":10,"rotate":-21.2},{"tweenEasing":0,"duration":10,"rotate":30},{"duration":0,"rotate":-21.2}],"scaleFrame":[{"tweenEasing":0,"duration":10},{"tweenEasing":0,"duration":10},{"duration":0}],"name":"armUpperL","translateFrame":[{"y":4,"tweenEasing":0,"duration":10},{"y":2,"tweenEasing":0,"duration":10},{"y":4,"duration":0}]},{"rotateFrame":[{"tweenEasing":0,"duration":10},{"tweenEasing":0,"duration":10,"rotate":-8.7},{"duration":0}],"scaleFrame":[{"tweenEasing":0,"duration":10},{"tweenEasing":0,"duration":10},{"duration":0}],"name":"tail","translateFrame":[{"tweenEasing":0,"duration":10,"x":-8},{"y":-6,"tweenEasing":0,"duration":10,"x":-12},{"duration":0,"x":-8}]},{"rotateFrame":[{"tweenEasing":0,"duration":5},{"tweenEasing":0,"duration":5},{"tweenEasing":0,"duration":5},{"tweenEasing":0,"duration":5},{"duration":0}],"scaleFrame":[{"tweenEasing":0,"duration":5},{"tweenEasing":0,"duration":5},{"tweenEasing":0,"duration":5},{"tweenEasing":0,"duration":5},{"duration":0}],"name":"clothes","translateFrame":[{"tweenEasing":0,"duration":5},{"y":-2,"tweenEasing":0,"duration":5,"x":-2},{"tweenEasing":0,"duration":5},{"y":-2,"tweenEasing":0,"duration":5,"x":-2},{"duration":0}]},{"rotateFrame":[{"tweenEasing":0,"duration":10,"rotate":-38.8},{"tweenEasing":0,"duration":10,"rotate":38.55},{"duration":0,"rotate":-38.8}],"scaleFrame":[{"tweenEasing":0,"duration":10},{"tweenEasing":0,"duration":10},{"duration":0}],"name":"armL","translateFrame":[{"y":-2.2012,"tweenEasing":0,"duration":10,"x":-13.0387},{"y":-5.8451,"tweenEasing":0,"duration":10,"x":3.9043},{"y":-2.2012,"duration":0,"x":-13.0387}]},{"rotateFrame":[{"tweenEasing":0,"duration":10},{"tweenEasing":0,"duration":10,"rotate":-2.95},{"duration":0}],"scaleFrame":[{"tweenEasing":0,"duration":10},{"tweenEasing":0,"duration":10},{"duration":0}],"name":"eyeR","translateFrame":[{"y":0.5,"tweenEasing":0,"duration":10,"x":1.7},{"y":-0.2773,"tweenEasing":0,"duration":10,"x":-4.1136},{"y":0.5,"duration":0,"x":1.7}]},{"rotateFrame":[{"tweenEasing":0,"duration":10},{"tweenEasing":0,"duration":10,"rotate":17.93},{"duration":0}],"scaleFrame":[{"tweenEasing":0,"duration":10},{"tweenEasing":0,"duration":10},{"duration":0}],"name":"tailTip","translateFrame":[{"y":-0.5359,"tweenEasing":0,"duration":10,"x":8.9282},{"y":10.0761,"tweenEasing":0,"duration":10,"x":-2.9969},{"y":-0.5359,"duration":0,"x":8.9282}]},{"rotateFrame":[{"tweenEasing":0,"duration":10},{"tweenEasing":0,"duration":10,"rotate":-2.95},{"duration":0}],"scaleFrame":[{"tweenEasing":0,"duration":10},{"tweenEasing":0,"duration":10},{"duration":0}],"name":"eyeL","translateFrame":[{"tweenEasing":0,"duration":10},{"y":4.1907,"tweenEasing":0,"duration":10,"x":-7.5499},{"duration":0}]},{"rotateFrame":[{"tweenEasing":0,"duration":10},{"tweenEasing":0,"duration":10,"rotate":6.04},{"duration":0}],"scaleFrame":[{"tweenEasing":0,"duration":10},{"tweenEasing":0,"duration":10},{"duration":0}],"name":"beardL","translateFrame":[{"tweenEasing":0,"duration":10},{"y":-5.5174,"tweenEasing":0,"duration":10,"x":-3.5187},{"duration":0}]},{"rotateFrame":[{"tweenEasing":0,"duration":5,"rotate":21.72},{"tweenEasing":0,"duration":5,"rotate":31.7897},{"tweenEasing":0,"duration":5,"rotate":-15.63},{"tweenEasing":0,"duration":5,"rotate":-19.6672},{"duration":0,"rotate":21.72}],"scaleFrame":[{"tweenEasing":0,"duration":5},{"tweenEasing":0,"duration":5},{"tweenEasing":0,"duration":5},{"tweenEasing":0,"duration":5},{"duration":0}],"name":"armR","translateFrame":[{"y":9.9555,"tweenEasing":0,"duration":5,"x":-2.5742},{"y":4.9989,"tweenEasing":0,"duration":5,"x":-2.7325},{"y":0.0424,"tweenEasing":0,"duration":5,"x":-2.8907},{"y":-5.611,"tweenEasing":0,"duration":5,"x":-0.2247},{"y":9.9555,"duration":0,"x":-2.5742}]},{"rotateFrame":[{"tweenEasing":0,"duration":10},{"tweenEasing":0,"duration":10,"rotate":-10.45},{"duration":0}],"scaleFrame":[{"tweenEasing":0,"duration":10},{"tweenEasing":0,"duration":10},{"duration":0}],"name":"beardR","translateFrame":[{"tweenEasing":0,"duration":10},{"y":1.6594,"tweenEasing":0,"duration":10,"x":-1.4456},{"duration":0}]},{"rotateFrame":[{"tweenEasing":0,"duration":10},{"tweenEasing":0,"duration":10,"rotate":-2.95},{"duration":0}],"scaleFrame":[{"tweenEasing":0,"duration":10},{"tweenEasing":0,"duration":10},{"duration":0}],"name":"hair","translateFrame":[{"tweenEasing":0,"duration":10},{"y":-7.1738,"tweenEasing":0,"duration":10,"x":1.1289},{"duration":0}]},{"rotateFrame":[{"tweenEasing":0,"duration":10,"rotate":-45.48},{"tweenEasing":0,"duration":10,"rotate":-0.48},{"duration":0,"rotate":-45.48}],"scaleFrame":[{"tweenEasing":0,"duration":10},{"tweenEasing":0,"duration":10},{"duration":0}],"name":"handR","translateFrame":[{"y":2.0245,"tweenEasing":0,"duration":10,"x":-16.2659},{"y":2.1665,"tweenEasing":0,"duration":10,"x":1.4963},{"y":2.0245,"duration":0,"x":-16.2659}]},{"rotateFrame":[{"tweenEasing":0,"duration":10,"rotate":15},{"tweenEasing":0,"duration":10,"rotate":6.45},{"duration":0,"rotate":15}],"scaleFrame":[{"tweenEasing":0,"duration":10},{"tweenEasing":0,"duration":10},{"duration":0}],"name":"handL","translateFrame":[{"y":0.9027,"tweenEasing":0,"duration":10,"x":-1.6657},{"y":3.3992,"tweenEasing":0,"duration":10,"x":-2.7762},{"y":0.9027,"duration":0,"x":-1.6657}]}],"name":"walk","duration":20},{"playTimes":0,"frame":[],"slot":[{"colorFrame":[{"tweenEasing":0,"duration":2},{"tweenEasing":0,"duration":3},{"duration":0}],"displayFrame":[{"duration":2},{"duration":3},{"duration":0}],"name":"tailTip"},{"colorFrame":[{"tweenEasing":0,"duration":2},{"tweenEasing":0,"duration":3},{"duration":0}],"displayFrame":[{"duration":2},{"duration":3},{"duration":0}],"name":"armUpperL"},{"colorFrame":[{"tweenEasing":0,"duration":5},{"duration":0}],"displayFrame":[{"duration":5},{"duration":0}],"name":"armL"},{"colorFrame":[{"tweenEasing":0,"duration":5},{"duration":0}],"displayFrame":[{"duration":5},{"duration":0}],"name":"handL"},{"colorFrame":[{"tweenEasing":0,"duration":2},{"tweenEasing":0,"duration":3},{"duration":0}],"displayFrame":[{"duration":2},{"duration":3},{"duration":0}],"name":"legL"},{"colorFrame":[{"tweenEasing":0,"duration":5},{"duration":0}],"displayFrame":[{"duration":5},{"duration":0}],"name":"body"},{"colorFrame":[{"tweenEasing":0,"duration":2},{"tweenEasing":0,"duration":3},{"duration":0}],"displayFrame":[{"duration":2},{"duration":3},{"duration":0}],"name":"tail"},{"colorFrame":[{"tweenEasing":0,"duration":2},{"tweenEasing":0,"duration":3},{"duration":0}],"displayFrame":[{"duration":2},{"duration":3},{"duration":0}],"name":"clothes"},{"colorFrame":[{"tweenEasing":0,"duration":2},{"tweenEasing":0,"duration":3},{"duration":0}],"displayFrame":[{"duration":2},{"duration":3},{"duration":0}],"name":"hair"},{"colorFrame":[{"tweenEasing":0,"duration":5},{"duration":0}],"displayFrame":[{"duration":5},{"duration":0}],"name":"head"},{"colorFrame":[{"tweenEasing":0,"duration":2},{"tweenEasing":0,"duration":3},{"duration":0}],"displayFrame":[{"duration":2},{"duration":3},{"duration":0}],"name":"eyeL"},{"colorFrame":[{"tweenEasing":0,"duration":2},{"tweenEasing":0,"duration":3},{"duration":0}],"displayFrame":[{"duration":2},{"duration":3},{"duration":0}],"name":"eyeR"},{"colorFrame":[{"tweenEasing":0,"duration":2},{"tweenEasing":0,"duration":3},{"duration":0}],"displayFrame":[{"duration":2},{"duration":3},{"duration":0}],"name":"legR"},{"colorFrame":[{"tweenEasing":0,"duration":2},{"tweenEasing":0,"duration":3},{"duration":0}],"displayFrame":[{"duration":2},{"duration":3},{"duration":0}],"name":"armUpperR"},{"colorFrame":[{"tweenEasing":0,"duration":5},{"duration":0}],"displayFrame":[{"duration":5},{"duration":0}],"name":"armR"},{"colorFrame":[{"tweenEasing":0,"duration":5},{"duration":0}],"displayFrame":[{"duration":5},{"duration":0}],"name":"handR"},{"colorFrame":[{"tweenEasing":0,"duration":2},{"tweenEasing":0,"duration":3},{"duration":0}],"displayFrame":[{"duration":2},{"duration":3},{"duration":0}],"name":"beardL"},{"colorFrame":[{"tweenEasing":0,"duration":2},{"tweenEasing":0,"duration":3},{"duration":0}],"displayFrame":[{"duration":2},{"duration":3},{"duration":0}],"name":"beardR"}],"ffd":[],"ik":[],"bone":[{"rotateFrame":[{"duration":5}],"scaleFrame":[{"duration":5}],"name":"root","translateFrame":[{"duration":5}]},{"rotateFrame":[{"tweenEasing":0,"duration":5},{"duration":0}],"scaleFrame":[{"tweenEasing":0,"duration":5},{"duration":0}],"name":"body","translateFrame":[{"y":-66,"tweenEasing":0,"duration":5},{"y":-66,"duration":0}]},{"rotateFrame":[{"tweenEasing":0,"duration":2,"rotate":-27.69},{"tweenEasing":0,"duration":3,"rotate":-27.69},{"duration":0,"rotate":-27.69}],"scaleFrame":[{"tweenEasing":0,"duration":2},{"tweenEasing":0,"duration":3},{"duration":0}],"name":"legR","translateFrame":[{"y":1.0328,"tweenEasing":0,"duration":2,"x":1.1757},{"y":0.6594,"tweenEasing":0,"duration":3,"x":-3.122},{"y":1.0328,"duration":0,"x":1.1757}]},{"rotateFrame":[{"tweenEasing":0,"duration":2,"rotate":-24.65},{"tweenEasing":0,"duration":3,"rotate":-23.1904},{"duration":0,"rotate":-24.65}],"scaleFrame":[{"tweenEasing":0,"duration":2},{"tweenEasing":0,"duration":3},{"duration":0}],"name":"armUpperR","translateFrame":[{"y":10,"tweenEasing":0,"duration":2},{"y":9.7511,"tweenEasing":0,"duration":3,"x":-2.8651},{"y":10,"duration":0}]},{"rotateFrame":[{"tweenEasing":0,"duration":2,"rotate":-15.2954},{"tweenEasing":0,"duration":3,"rotate":-15.2954},{"duration":0,"rotate":-15.2954}],"scaleFrame":[{"tweenEasing":0,"duration":2},{"tweenEasing":0,"duration":3},{"duration":0}],"name":"legL","translateFrame":[{"y":38.2873,"tweenEasing":0,"duration":2,"x":-20.6204},{"y":37.7894,"tweenEasing":0,"duration":3,"x":-26.3507},{"y":38.2873,"duration":0,"x":-20.6204}]},{"rotateFrame":[{"tweenEasing":0,"duration":5,"rotate":10},{"duration":0,"rotate":10}],"scaleFrame":[{"tweenEasing":0,"duration":5},{"duration":0}],"name":"head","translateFrame":[{"y":1.9,"tweenEasing":0,"duration":5,"x":3.6},{"y":1.9,"duration":0,"x":3.6}]},{"rotateFrame":[{"tweenEasing":0,"duration":2,"rotate":15},{"tweenEasing":0,"duration":3,"rotate":15},{"duration":0,"rotate":15}],"scaleFrame":[{"tweenEasing":0,"duration":2},{"tweenEasing":0,"duration":3},{"duration":0}],"name":"armUpperL","translateFrame":[{"y":4,"tweenEasing":0,"duration":2},{"y":3.6266,"tweenEasing":0,"duration":3,"x":-4.2977},{"y":4,"duration":0}]},{"rotateFrame":[{"tweenEasing":0,"duration":2,"rotate":9.3457},{"tweenEasing":0,"duration":3,"rotate":13.7283},{"duration":0,"rotate":9.3457}],"scaleFrame":[{"tweenEasing":0,"duration":2},{"tweenEasing":0,"duration":3},{"duration":0}],"name":"tail","translateFrame":[{"y":-10,"tweenEasing":0,"duration":2,"x":-24},{"y":-10,"tweenEasing":0,"duration":3,"x":-24},{"y":-10,"duration":0,"x":-24}]},{"rotateFrame":[{"tweenEasing":0,"duration":2},{"tweenEasing":0,"duration":3},{"duration":0}],"scaleFrame":[{"tweenEasing":0,"duration":2},{"tweenEasing":0,"duration":3},{"duration":0}],"name":"clothes","translateFrame":[{"y":-4.5108,"tweenEasing":0,"duration":2,"x":-4.7682},{"y":-4.8842,"tweenEasing":0,"duration":3,"x":-9.0659},{"y":-4.5108,"duration":0,"x":-4.7682}]},{"rotateFrame":[{"tweenEasing":0,"duration":5,"rotate":8.55},{"duration":0,"rotate":8.55}],"scaleFrame":[{"tweenEasing":0,"duration":5},{"duration":0}],"name":"armL","translateFrame":[{"y":2.5528,"tweenEasing":0,"duration":5,"x":-0.5979},{"y":2.5528,"duration":0,"x":-0.5979}]},{"rotateFrame":[{"tweenEasing":0,"duration":2,"rotate":-10},{"tweenEasing":0,"duration":3,"rotate":-10},{"duration":0,"rotate":-10}],"scaleFrame":[{"tweenEasing":0,"duration":2},{"tweenEasing":0,"duration":3},{"duration":0}],"name":"eyeR","translateFrame":[{"y":-8.7028,"tweenEasing":0,"duration":2,"x":8.8815},{"y":-9.0585,"tweenEasing":0,"duration":3,"x":8.1208},{"y":-7.7261,"duration":0,"x":9.013}]},{"rotateFrame":[{"tweenEasing":0,"duration":2,"rotate":2.89},{"tweenEasing":0,"duration":3,"rotate":8.91},{"duration":0,"rotate":2.89}],"scaleFrame":[{"tweenEasing":0,"duration":2},{"tweenEasing":0,"duration":3},{"duration":0}],"name":"tailTip","translateFrame":[{"y":6.3001,"tweenEasing":0,"duration":2,"x":2.1698},{"y":-0.896,"tweenEasing":0,"duration":3,"x":0.6375},{"y":6.3001,"duration":0,"x":2.1698}]},{"rotateFrame":[{"tweenEasing":0,"duration":2,"rotate":-10},{"tweenEasing":0,"duration":3,"rotate":-10},{"duration":0,"rotate":-10}],"scaleFrame":[{"tweenEasing":0,"duration":2},{"tweenEasing":0,"duration":3},{"duration":0}],"name":"eyeL","translateFrame":[{"y":-6.3014,"tweenEasing":0,"duration":2,"x":8.9391},{"y":-9.0585,"tweenEasing":0,"duration":3,"x":8.1208},{"y":-6.3014,"duration":0,"x":8.9391}]},{"rotateFrame":[{"tweenEasing":0,"duration":2,"rotate":-50.29},{"tweenEasing":0,"duration":3,"rotate":-58.5649},{"duration":0,"rotate":-50.29}],"scaleFrame":[{"tweenEasing":0,"duration":2},{"tweenEasing":0,"duration":3},{"duration":0}],"name":"beardL","translateFrame":[{"y":19.2267,"tweenEasing":0,"duration":2,"x":-19.7777},{"y":19.2267,"tweenEasing":0,"duration":3,"x":-19.7777},{"y":19.2267,"duration":0,"x":-19.7777}]},{"rotateFrame":[{"tweenEasing":0,"duration":5,"rotate":-13.13},{"duration":0,"rotate":-13.13}],"scaleFrame":[{"tweenEasing":0,"duration":5},{"duration":0}],"name":"armR","translateFrame":[{"y":1.1591,"tweenEasing":0,"duration":5,"x":-8.0809},{"y":1.1591,"duration":0,"x":-8.0809}]},{"rotateFrame":[{"tweenEasing":0,"duration":2,"rotate":42.5},{"tweenEasing":0,"duration":3,"rotate":50.23},{"duration":0,"rotate":42.5}],"scaleFrame":[{"tweenEasing":0,"duration":2},{"tweenEasing":0,"duration":3},{"duration":0}],"name":"beardR","translateFrame":[{"y":6.7484,"tweenEasing":0,"duration":2,"x":-8.1489},{"y":6.8295,"tweenEasing":0,"duration":3,"x":-8.0331},{"y":6.7484,"duration":0,"x":-8.1489}]},{"rotateFrame":[{"tweenEasing":0,"duration":2,"rotate":-10},{"tweenEasing":0,"duration":3,"rotate":-10},{"duration":0,"rotate":-10}],"scaleFrame":[{"tweenEasing":0,"duration":2},{"tweenEasing":0,"duration":3},{"duration":0}],"name":"hair","translateFrame":[{"y":-6.0436,"tweenEasing":0,"duration":2,"x":-0.8181},{"y":-2.7989,"tweenEasing":0,"duration":3,"x":3.8157},{"y":-6.0436,"duration":0,"x":-0.8181}]},{"rotateFrame":[{"tweenEasing":0,"duration":5,"rotate":-0.48},{"duration":0,"rotate":-0.48}],"scaleFrame":[{"tweenEasing":0,"duration":5},{"duration":0}],"name":"handR","translateFrame":[{"y":2.1665,"tweenEasing":0,"duration":5,"x":1.4963},{"y":2.1665,"duration":0,"x":1.4963}]},{"rotateFrame":[{"tweenEasing":0,"duration":5,"rotate":-8.55},{"duration":0,"rotate":-8.55}],"scaleFrame":[{"tweenEasing":0,"duration":5},{"duration":0}],"name":"handL","translateFrame":[{"y":-3.8513,"tweenEasing":0,"duration":5,"x":-14.1093},{"y":-3.8513,"duration":0,"x":-14.1093}]}],"name":"jump","duration":5},{"playTimes":0,"frame":[],"slot":[{"colorFrame":[{"tweenEasing":0,"duration":2},{"tweenEasing":0,"duration":3},{"duration":0}],"displayFrame":[{"duration":2},{"duration":3},{"duration":0}],"name":"tailTip"},{"colorFrame":[{"tweenEasing":0,"duration":2},{"tweenEasing":0,"duration":3},{"duration":0}],"displayFrame":[{"duration":2},{"duration":3},{"duration":0}],"name":"armUpperL"},{"colorFrame":[{"tweenEasing":0,"duration":5},{"duration":0}],"displayFrame":[{"duration":5},{"duration":0}],"name":"armL"},{"colorFrame":[{"tweenEasing":0,"duration":5},{"duration":0}],"displayFrame":[{"duration":5},{"duration":0}],"name":"handL"},{"colorFrame":[{"tweenEasing":0,"duration":2},{"tweenEasing":0,"duration":3},{"duration":0}],"displayFrame":[{"duration":2},{"duration":3},{"duration":0}],"name":"legL"},{"colorFrame":[{"tweenEasing":0,"duration":5},{"duration":0}],"displayFrame":[{"duration":5},{"duration":0}],"name":"body"},{"colorFrame":[{"tweenEasing":0,"duration":2},{"tweenEasing":0,"duration":3},{"duration":0}],"displayFrame":[{"duration":2},{"duration":3},{"duration":0}],"name":"tail"},{"colorFrame":[{"tweenEasing":0,"duration":2},{"tweenEasing":0,"duration":3},{"duration":0}],"displayFrame":[{"duration":2},{"duration":3},{"duration":0}],"name":"clothes"},{"colorFrame":[{"tweenEasing":0,"duration":2},{"tweenEasing":0,"duration":3},{"duration":0}],"displayFrame":[{"duration":2},{"duration":3},{"duration":0}],"name":"hair"},{"colorFrame":[{"tweenEasing":0,"duration":5},{"duration":0}],"displayFrame":[{"duration":5},{"duration":0}],"name":"head"},{"colorFrame":[{"tweenEasing":0,"duration":2},{"tweenEasing":0,"duration":3},{"duration":0}],"displayFrame":[{"duration":2},{"duration":3},{"duration":0}],"name":"eyeL"},{"colorFrame":[{"tweenEasing":0,"duration":2},{"tweenEasing":0,"duration":3},{"duration":0}],"displayFrame":[{"duration":2},{"duration":3},{"duration":0}],"name":"eyeR"},{"colorFrame":[{"tweenEasing":0,"duration":2},{"tweenEasing":0,"duration":3},{"duration":0}],"displayFrame":[{"duration":2},{"duration":3},{"duration":0}],"name":"legR"},{"colorFrame":[{"tweenEasing":0,"duration":2},{"tweenEasing":0,"duration":3},{"duration":0}],"displayFrame":[{"duration":2},{"duration":3},{"duration":0}],"name":"armUpperR"},{"colorFrame":[{"tweenEasing":0,"duration":5},{"duration":0}],"displayFrame":[{"duration":5},{"duration":0}],"name":"armR"},{"colorFrame":[{"tweenEasing":0,"duration":5},{"duration":0}],"displayFrame":[{"duration":5},{"duration":0}],"name":"handR"},{"colorFrame":[{"tweenEasing":0,"duration":2},{"tweenEasing":0,"duration":3},{"duration":0}],"displayFrame":[{"duration":2},{"duration":3},{"duration":0}],"name":"beardL"},{"colorFrame":[{"tweenEasing":0,"duration":2},{"tweenEasing":0,"duration":3},{"duration":0}],"displayFrame":[{"duration":2},{"duration":3},{"duration":0}],"name":"beardR"}],"ffd":[],"ik":[],"bone":[{"rotateFrame":[{"duration":5}],"scaleFrame":[{"duration":5}],"name":"root","translateFrame":[{"duration":5}]},{"rotateFrame":[{"tweenEasing":0,"duration":5},{"duration":0}],"scaleFrame":[{"tweenEasing":0,"duration":5},{"duration":0}],"name":"body","translateFrame":[{"y":-66,"tweenEasing":0,"duration":5},{"y":-66,"duration":0}]},{"rotateFrame":[{"tweenEasing":0,"duration":2,"rotate":27.76},{"tweenEasing":0,"duration":3,"rotate":27.76},{"duration":0,"rotate":27.76}],"scaleFrame":[{"tweenEasing":0,"duration":2},{"tweenEasing":0,"duration":3},{"duration":0}],"name":"legR","translateFrame":[{"y":8.9644,"tweenEasing":0,"duration":2,"x":6.1797},{"y":8.576,"tweenEasing":0,"duration":3,"x":1.7095},{"y":8.9644,"duration":0,"x":6.1797}]},{"rotateFrame":[{"tweenEasing":0,"duration":2,"rotate":-69.64},{"tweenEasing":0,"duration":3,"rotate":-66.683},{"duration":0,"rotate":-69.64}],"scaleFrame":[{"tweenEasing":0,"duration":2},{"tweenEasing":0,"duration":3},{"duration":0}],"name":"armUpperR","translateFrame":[{"y":10,"tweenEasing":0,"duration":2},{"y":9.8705,"tweenEasing":0,"duration":3,"x":-1.49},{"y":10,"duration":0}]},{"rotateFrame":[{"tweenEasing":0,"duration":2,"rotate":50.73},{"tweenEasing":0,"duration":3,"rotate":50.73},{"duration":0,"rotate":50.73}],"scaleFrame":[{"tweenEasing":0,"duration":2},{"tweenEasing":0,"duration":3},{"duration":0}],"name":"legL","translateFrame":[{"y":7.9,"tweenEasing":0,"duration":2,"x":22.6},{"y":7.6411,"tweenEasing":0,"duration":3,"x":19.6199},{"y":7.9,"duration":0,"x":22.6}]},{"rotateFrame":[{"tweenEasing":0,"duration":5,"rotate":-8.73},{"duration":0,"rotate":-8.73}],"scaleFrame":[{"tweenEasing":0,"duration":5},{"duration":0}],"name":"head","translateFrame":[{"y":-3.4,"tweenEasing":0,"duration":5,"x":11},{"y":-3.4,"duration":0,"x":11}]},{"rotateFrame":[{"tweenEasing":0,"duration":2,"rotate":92.45},{"tweenEasing":0,"duration":3,"rotate":89.9735},{"duration":0,"rotate":92.45}],"scaleFrame":[{"tweenEasing":0,"duration":2},{"tweenEasing":0,"duration":3},{"duration":0}],"name":"armUpperL","translateFrame":[{"y":4,"tweenEasing":0,"duration":2},{"y":4.2589,"tweenEasing":0,"duration":3,"x":2.9801},{"y":4,"duration":0}]},{"rotateFrame":[{"tweenEasing":0,"duration":2,"rotate":-18.47},{"tweenEasing":0,"duration":3,"rotate":-22.44},{"duration":0,"rotate":-18.47}],"scaleFrame":[{"tweenEasing":0,"duration":2},{"tweenEasing":0,"duration":3},{"duration":0}],"name":"tail","translateFrame":[{"y":-6.1,"tweenEasing":0,"duration":2,"x":-3.9},{"y":-6.1,"tweenEasing":0,"duration":3,"x":-3.9},{"y":-6.1,"duration":0,"x":-3.9}]},{"rotateFrame":[{"tweenEasing":0,"duration":2},{"tweenEasing":0,"duration":3},{"duration":0}],"scaleFrame":[{"tweenEasing":0,"duration":2},{"tweenEasing":0,"duration":3},{"duration":0}],"name":"clothes","translateFrame":[{"y":-4.8621,"tweenEasing":0,"duration":2,"x":-6.0066},{"y":-4.4737,"tweenEasing":0,"duration":3,"x":-1.5365},{"y":-4.8621,"duration":0,"x":-6.0066}]},{"rotateFrame":[{"tweenEasing":0,"duration":5,"rotate":-53.9},{"duration":0,"rotate":-53.9}],"scaleFrame":[{"tweenEasing":0,"duration":5},{"duration":0}],"name":"armL","translateFrame":[{"y":5.8138,"tweenEasing":0,"duration":5,"x":4.3491},{"y":5.8138,"duration":0,"x":4.3491}]},{"rotateFrame":[{"tweenEasing":0,"duration":2,"rotate":8.73},{"tweenEasing":0,"duration":3,"rotate":8.73},{"duration":0,"rotate":8.73}],"scaleFrame":[{"tweenEasing":0,"duration":2},{"tweenEasing":0,"duration":3},{"duration":0}],"name":"eyeR","translateFrame":[{"y":-4.6145,"tweenEasing":0,"duration":2,"x":-17.7606},{"y":-3.0052,"tweenEasing":0,"duration":3,"x":-14.8289},{"y":-4.6145,"duration":0,"x":-17.7606}]},{"rotateFrame":[{"tweenEasing":0,"duration":2,"rotate":0.14},{"tweenEasing":0,"duration":3,"rotate":-0.83},{"duration":0,"rotate":0.14}],"scaleFrame":[{"tweenEasing":0,"duration":2},{"tweenEasing":0,"duration":3},{"duration":0}],"name":"tailTip","translateFrame":[{"y":-1.156,"tweenEasing":0,"duration":2,"x":2.7983},{"y":1.7886,"tweenEasing":0,"duration":3,"x":1.817},{"y":-1.156,"duration":0,"x":2.7983}]},{"rotateFrame":[{"tweenEasing":0,"duration":2,"rotate":8.73},{"tweenEasing":0,"duration":3,"rotate":8.73},{"duration":0,"rotate":8.73}],"scaleFrame":[{"tweenEasing":0,"duration":2},{"tweenEasing":0,"duration":3},{"duration":0}],"name":"eyeL","translateFrame":[{"y":-8.1532,"tweenEasing":0,"duration":2,"x":-13.0014},{"y":-5.9369,"tweenEasing":0,"duration":3,"x":-13.2195},{"y":-8.1532,"duration":0,"x":-13.0014}]},{"rotateFrame":[{"tweenEasing":0,"duration":2,"rotate":-2.54},{"tweenEasing":0,"duration":3,"rotate":25.1339},{"duration":0,"rotate":-2.54}],"scaleFrame":[{"tweenEasing":0,"duration":2},{"tweenEasing":0,"duration":3},{"duration":0}],"name":"beardL","translateFrame":[{"y":7.7817,"tweenEasing":0,"duration":2,"x":0.3247},{"y":7.7817,"tweenEasing":0,"duration":3,"x":0.3247},{"y":7.7817,"duration":0,"x":0.3247}]},{"rotateFrame":[{"tweenEasing":0,"duration":5,"rotate":-13.14},{"duration":0,"rotate":-13.14}],"scaleFrame":[{"tweenEasing":0,"duration":5},{"duration":0}],"name":"armR","translateFrame":[{"y":-3.1965,"tweenEasing":0,"duration":5,"x":-11.2069},{"y":-3.1965,"duration":0,"x":-11.2069}]},{"rotateFrame":[{"tweenEasing":0,"duration":2,"rotate":8.96},{"tweenEasing":0,"duration":3,"rotate":-6.04},{"duration":0,"rotate":8.96}],"scaleFrame":[{"tweenEasing":0,"duration":2},{"tweenEasing":0,"duration":3},{"duration":0}],"name":"beardR","translateFrame":[{"y":5.251,"tweenEasing":0,"duration":2,"x":-7.8667},{"y":5.251,"tweenEasing":0,"duration":3,"x":-7.8667},{"y":5.251,"duration":0,"x":-7.8667}]},{"rotateFrame":[{"tweenEasing":0,"duration":2,"rotate":-6.27},{"tweenEasing":0,"duration":3,"rotate":-7.09},{"duration":0,"rotate":-6.27}],"scaleFrame":[{"tweenEasing":0,"duration":2},{"tweenEasing":0,"duration":3},{"duration":0}],"name":"hair","translateFrame":[{"y":7.2382,"tweenEasing":0,"duration":2,"x":0.5909},{"y":0.2075,"tweenEasing":0,"duration":3,"x":-6.3221},{"y":7.2382,"duration":0,"x":0.5909}]},{"rotateFrame":[{"tweenEasing":0,"duration":5,"rotate":29.52},{"duration":0,"rotate":29.52}],"scaleFrame":[{"tweenEasing":0,"duration":5},{"duration":0}],"name":"handR","translateFrame":[{"y":-1.3692,"tweenEasing":0,"duration":5,"x":-3.9387},{"y":-1.3692,"duration":0,"x":-3.9387}]},{"rotateFrame":[{"tweenEasing":0,"duration":5,"rotate":21.45},{"duration":0,"rotate":21.45}],"scaleFrame":[{"tweenEasing":0,"duration":5},{"duration":0}],"name":"handL","translateFrame":[{"y":1.4681,"tweenEasing":0,"duration":5,"x":-3.5985},{"y":1.4681,"duration":0,"x":-3.5985}]}],"name":"fall","duration":5}],"aabb":{"width":693.2805749826739,"y":-431.813951400422,"height":769.5863484320666,"x":-234.40908264561412},"skin":[{"slot":[{"display":[{"path":"parts/handL","type":"image","name":"parts/handL","transform":{"y":-1.4511,"skX":146.6156,"skY":146.6156,"x":34.7325}}],"name":"handL"},{"display":[{"path":"parts/legR","type":"image","name":"parts/legR","transform":{"y":-6.0098,"skX":-94.0239,"skY":-94.0239,"x":82.5819}}],"name":"legR"},{"display":[{"path":"parts/body","type":"image","name":"parts/body","transform":{"y":0.6195,"skX":94.9653,"skY":94.9653,"x":-0.9572}}],"name":"body"},{"display":[{"path":"parts/armR","type":"image","name":"parts/armR","transform":{"y":2.7905,"skX":-85.2356,"skY":-85.2356,"x":14.2173}}],"name":"armR"},{"display":[{"path":"parts/clothes1","type":"image","name":"parts/clothes1","transform":{"y":16.0499,"skX":132.4995,"skY":132.4995,"x":32.3981}}],"name":"clothes"},{"display":[{"path":"parts/beardL","type":"image","name":"parts/beardL","transform":{"y":-4.3543,"skX":-174.0434,"skY":-174.0434,"x":49.9847}}],"name":"beardL"},{"display":[{"path":"parts/head","type":"image","name":"parts/head","transform":{"y":-10.5387,"skX":80.4531,"skY":80.4531,"x":122.955}}],"name":"head"},{"display":[{"path":"parts/armUpperL","type":"image","name":"parts/armUpperL","transform":{"y":4.3217,"skX":-148.2623,"skY":-148.2623,"x":27.8984}}],"name":"armUpperL"},{"display":[{"path":"parts/armL","type":"image","name":"parts/armL","transform":{"y":-2.8771,"skX":98.2989,"skY":98.2989,"x":26.6948}}],"name":"armL"},{"display":[{"path":"parts/eyeR","type":"image","name":"parts/eyeR","transform":{"y":-0.5,"x":1.5}}],"name":"eyeR"},{"display":[{"path":"parts/legL","type":"image","name":"parts/legL","transform":{"y":-6.446,"skX":-146.9135,"skY":-146.9135,"x":101.115}}],"name":"legL"},{"display":[{"path":"parts/armUpperR","type":"image","name":"parts/armUpperR","transform":{"y":4.7392,"skX":13.9232,"skY":13.9232,"x":56.5203}}],"name":"armUpperR"},{"display":[{"path":"parts/tail","type":"image","name":"parts/tail","transform":{"y":-0.3072,"skX":45.2229,"skY":45.2229,"x":120.9881}}],"name":"tail"},{"display":[{"path":"parts/handR","type":"image","name":"parts/handR","transform":{"y":5.0626,"skX":-88.1106,"skY":-88.1106,"x":23.0456}}],"name":"handR"},{"display":[{"path":"parts/hair","type":"image","name":"parts/hair","transform":{"y":0.3975,"skX":-4.9086,"skY":-4.9086,"x":0.045}}],"name":"hair"},{"display":[{"path":"parts/tailTip","type":"image","name":"parts/tailTip","transform":{"y":-0.8219,"skX":82.7421,"skY":82.7421,"x":81.6504}}],"name":"tailTip"},{"display":[{"path":"parts/beardR","type":"image","name":"parts/beardR","transform":{"y":0.2,"x":61.6}}],"name":"beardR"},{"display":[{"path":"parts/eyeL","type":"image","name":"parts/eyeL","transform":{"y":0.4,"x":0.3}}],"name":"eyeL"}],"name":""}],"slot":[{"name":"tailTip","parent":"tailTip","color":{}},{"z":1,"name":"armUpperL","parent":"armUpperL","color":{}},{"z":2,"name":"armL","parent":"armL","color":{}},{"z":3,"name":"handL","parent":"handL","color":{}},{"z":4,"name":"legL","parent":"legL","color":{}},{"z":5,"name":"body","parent":"body","color":{}},{"z":6,"name":"tail","parent":"tail","color":{}},{"z":7,"name":"clothes","parent":"clothes","color":{}},{"z":8,"name":"hair","parent":"hair","color":{}},{"z":9,"name":"head","parent":"head","color":{}},{"z":10,"name":"eyeL","parent":"eyeL","color":{}},{"z":11,"name":"eyeR","parent":"eyeR","color":{}},{"z":12,"name":"legR","parent":"legR","color":{}},{"z":13,"name":"armUpperR","parent":"armUpperR","color":{}},{"z":14,"name":"armR","parent":"armR","color":{}},{"z":15,"name":"handR","parent":"handR","color":{}},{"z":16,"name":"beardL","parent":"beardL","color":{}},{"z":17,"name":"beardR","parent":"beardR","color":{}}],"frameRate":24,"defaultActions":[{"gotoAndPlay":"stand"}]}],"name":"Dragon_3","version":"5.5"}